datetime,Count_Predicted
05-06-2012 5:00,
19-03-2011 19:00,
02-04-2012 6:00,
13-07-2012 20:00,
09-11-2011 19:00,
10-03-2012 0:00,
19-05-2011 13:00,
01-05-2011 8:00,
07-07-2012 8:00,
07-05-2011 16:00,
09-04-2011 11:00,
16-06-2011 04:00,
13-07-2012 22:00,
02-03-2012 14:00,
18-05-2012 15:00,
14-12-2011 22:00,
17-02-2012 19:00,
15-04-2012 18:00,
06-10-2012 23:00,
17-07-2012 00:00,
13-09-2012 11:00,
13-01-2012 07:00,
11-08-2012 8:00,
17-09-2011 08:00,
04-11-2011 11:00,
01-10-2011 11:00,
03-03-2011 12:00,
05-12-2012 19:00,
18-06-2012 23:00,
19-09-2012 18:00,
08-11-2011 19:00,
18-02-2011 13:00,
07-11-2011 10:00,
10-08-2011 14:00,
02-05-2012 0:00,
14-01-2011 14:00,
17-07-2011 01:00,
14-07-2011 15:00,
04-03-2011 3:00,
18-12-2012 15:00,
14-12-2012 10:00,
14-05-2011 03:00,
19-03-2012 23:00,
08-01-2011 5:00,
13-08-2011 06:00,
04-08-2011 2:00,
03-02-2012 5:00,
16-12-2012 21:00,
04-01-2011 9:00,
06-04-2011 1:00,
09-03-2012 11:00,
12-10-2012 20:00,
14-06-2011 20:00,
06-12-2012 2:00,
03-12-2012 2:00,
10-07-2011 17:00,
09-01-2012 22:00,
10-01-2012 17:00,
07-08-2012 4:00,
17-01-2011 04:00,
03-05-2011 15:00,
08-04-2012 7:00,
04-07-2011 5:00,
13-01-2011 14:00,
18-08-2012 23:00,
11-12-2012 0:00,
11-03-2012 9:00,
18-03-2012 08:00,
06-12-2011 3:00,
05-11-2011 14:00,
10-10-2012 11:00,
02-11-2011 20:00,
18-07-2011 21:00,
09-03-2011 15:00,
10-12-2012 17:00,
02-01-2011 20:00,
01-10-2012 10:00,
17-07-2012 14:00,
07-03-2012 15:00,
09-02-2011 22:00,
16-01-2011 01:00,
19-02-2012 12:00,
09-02-2011 2:00,
06-09-2011 9:00,
11-06-2011 8:00,
08-02-2011 2:00,
15-08-2012 14:00,
17-05-2011 12:00,
03-04-2012 18:00,
14-05-2011 07:00,
06-01-2011 8:00,
04-05-2011 22:00,
14-08-2011 18:00,
01-12-2012 18:00,
11-01-2011 17:00,
10-02-2011 17:00,
08-02-2011 23:00,
13-03-2011 04:00,
18-06-2012 15:00,
16-04-2012 18:00,
05-09-2011 10:00,
17-09-2012 05:00,
05-12-2011 19:00,
10-01-2011 1:00,
08-05-2012 8:00,
08-07-2011 16:00,
06-09-2012 7:00,
06-11-2012 17:00,
05-03-2012 20:00,
01-10-2011 13:00,
17-04-2011 14:00,
18-08-2012 11:00,
03-09-2012 22:00,
13-03-2011 08:00,
12-05-2011 8:00,
10-10-2011 11:00,
11-04-2012 10:00,
15-05-2011 09:00,
06-10-2011 17:00,
12-06-2011 7:00,
15-04-2011 20:00,
05-04-2012 14:00,
13-04-2012 14:00,
10-05-2012 8:00,
02-02-2011 15:00,
09-03-2011 9:00,
19-05-2012 20:00,
11-07-2012 18:00,
18-04-2012 02:00,
19-09-2012 13:00,
04-11-2012 20:00,
15-12-2012 11:00,
08-04-2012 3:00,
11-09-2011 0:00,
16-12-2012 11:00,
03-03-2012 15:00,
03-11-2011 12:00,
15-01-2012 01:00,
07-10-2011 1:00,
07-11-2011 0:00,
04-03-2011 18:00,
14-03-2012 12:00,
11-05-2012 4:00,
16-12-2012 07:00,
01-03-2011 11:00,
12-01-2012 5:00,
13-08-2011 21:00,
19-11-2012 01:00,
09-09-2012 12:00,
06-09-2011 16:00,
17-08-2012 14:00,
16-08-2011 07:00,
01-04-2011 6:00,
03-06-2012 17:00,
09-01-2012 17:00,
18-10-2012 04:00,
02-06-2012 21:00,
02-12-2011 17:00,
02-08-2012 14:00,
03-12-2011 5:00,
12-10-2012 19:00,
02-05-2012 17:00,
07-11-2012 14:00,
05-04-2012 3:00,
03-06-2012 12:00,
01-04-2011 3:00,
04-01-2011 5:00,
06-04-2012 3:00,
09-07-2012 18:00,
17-08-2012 22:00,
17-11-2012 14:00,
19-03-2012 21:00,
05-01-2012 15:00,
17-02-2011 03:00,
13-04-2011 04:00,
18-11-2011 04:00,
12-09-2011 6:00,
13-12-2011 08:00,
06-01-2011 21:00,
11-11-2011 18:00,
08-03-2012 16:00,
05-09-2012 18:00,
09-03-2011 9:00,
02-06-2011 9:00,
19-03-2012 14:00,
10-11-2012 2:00,
18-12-2012 21:00,
02-05-2011 4:00,
08-05-2011 4:00,
17-08-2012 01:00,
14-11-2011 23:00,
15-11-2011 05:00,
09-01-2012 23:00,
10-11-2012 5:00,
03-12-2011 14:00,
08-03-2011 14:00,
08-09-2012 15:00,
13-08-2012 09:00,
04-05-2011 6:00,
17-03-2011 21:00,
01-04-2012 2:00,
15-03-2012 17:00,
05-05-2012 10:00,
11-10-2012 14:00,
14-06-2012 05:00,
01-08-2011 5:00,
03-08-2011 3:00,
09-06-2011 6:00,
08-08-2011 17:00,
16-04-2011 22:00,
13-01-2011 05:00,
07-04-2012 20:00,
06-08-2012 1:00,
08-07-2012 0:00,
04-11-2011 12:00,
08-04-2011 13:00,
13-02-2011 17:00,
01-08-2011 7:00,
10-06-2011 1:00,
11-03-2011 9:00,
12-06-2012 18:00,
15-05-2011 15:00,
01-10-2011 12:00,
08-01-2011 23:00,
12-06-2012 0:00,
07-04-2012 16:00,
01-05-2012 8:00,
14-09-2012 08:00,
01-05-2011 17:00,
04-11-2012 23:00,
13-01-2012 09:00,
06-01-2012 21:00,
15-07-2011 21:00,
13-05-2011 03:00,
11-12-2012 23:00,
09-06-2012 16:00,
16-02-2012 22:00,
10-12-2011 16:00,
10-07-2012 16:00,
02-10-2011 3:00,
04-08-2011 3:00,
11-07-2011 15:00,
12-04-2012 20:00,
05-01-2012 3:00,
10-02-2011 20:00,
13-06-2012 13:00,
03-12-2011 6:00,
19-11-2011 07:00,
07-03-2011 6:00,
17-04-2012 08:00,
13-10-2012 17:00,
11-05-2012 4:00,
12-02-2011 7:00,
09-04-2012 5:00,
10-12-2011 9:00,
06-12-2011 21:00,
18-12-2012 00:00,
05-06-2011 5:00,
17-09-2011 11:00,
12-12-2012 5:00,
10-12-2011 20:00,
13-04-2012 10:00,
19-10-2011 02:00,
19-02-2011 00:00,
07-03-2012 4:00,
14-10-2011 16:00,
17-01-2012 21:00,
13-08-2012 02:00,
19-02-2011 06:00,
03-08-2011 6:00,
15-04-2012 08:00,
08-02-2011 3:00,
16-01-2011 10:00,
12-12-2012 21:00,
02-08-2012 9:00,
17-12-2012 05:00,
01-09-2011 2:00,
19-04-2012 00:00,
19-02-2011 18:00,
05-04-2011 16:00,
08-06-2011 18:00,
18-10-2011 18:00,
19-02-2012 23:00,
09-01-2011 10:00,
16-02-2011 01:00,
13-12-2012 00:00,
01-06-2012 16:00,
18-03-2011 07:00,
16-12-2012 04:00,
05-05-2012 0:00,
16-08-2012 19:00,
06-08-2011 16:00,
02-04-2012 6:00,
13-01-2012 19:00,
08-05-2011 19:00,
08-08-2011 15:00,
04-11-2011 4:00,
01-08-2012 22:00,
16-02-2012 06:00,
16-01-2012 04:00,
01-07-2012 3:00,
18-06-2011 23:00,
13-10-2011 06:00,
02-01-2011 0:00,
05-08-2011 0:00,
03-10-2012 15:00,
18-09-2012 09:00,
09-10-2012 19:00,
04-10-2012 9:00,
10-08-2011 16:00,
07-05-2012 5:00,
04-02-2012 5:00,
08-04-2012 4:00,
02-07-2012 13:00,
06-12-2011 16:00,
03-10-2011 20:00,
01-03-2012 22:00,
10-05-2012 10:00,
02-09-2011 20:00,
01-09-2011 11:00,
05-02-2012 6:00,
07-06-2011 21:00,
05-11-2011 22:00,
07-04-2011 14:00,
17-05-2012 02:00,
07-02-2012 14:00,
09-02-2012 0:00,
12-02-2011 9:00,
02-06-2011 23:00,
09-11-2011 14:00,
12-09-2012 10:00,
12-03-2012 6:00,
10-05-2012 3:00,
19-01-2012 00:00,
10-06-2012 22:00,
04-11-2011 20:00,
04-01-2012 13:00,
02-09-2011 5:00,
19-02-2011 16:00,
03-05-2012 18:00,
15-12-2012 23:00,
01-05-2012 10:00,
05-06-2012 20:00,
01-01-2011 12:00,
14-06-2012 02:00,
01-07-2012 23:00,
11-06-2012 22:00,
16-05-2012 18:00,
13-03-2011 00:00,
12-06-2012 0:00,
09-03-2012 14:00,
07-10-2011 0:00,
05-10-2011 21:00,
11-02-2011 5:00,
13-10-2012 00:00,
07-11-2012 18:00,
02-01-2012 19:00,
03-12-2012 7:00,
05-08-2012 17:00,
14-03-2012 20:00,
06-12-2011 1:00,
05-11-2011 16:00,
09-07-2012 11:00,
03-03-2011 18:00,
08-05-2011 14:00,
04-09-2011 13:00,
05-06-2012 17:00,
07-11-2011 18:00,
02-03-2012 0:00,
02-10-2011 20:00,
13-03-2012 07:00,
12-06-2011 18:00,
13-04-2012 17:00,
14-07-2011 02:00,
11-12-2011 11:00,
04-04-2011 12:00,
16-03-2012 07:00,
16-05-2012 17:00,
05-04-2012 11:00,
11-11-2012 0:00,
02-09-2011 3:00,
02-05-2012 13:00,
08-06-2012 16:00,
11-11-2012 2:00,
15-02-2012 12:00,
14-04-2012 04:00,
13-09-2011 23:00,
01-03-2011 12:00,
17-05-2011 03:00,
19-09-2011 10:00,
15-05-2011 02:00,
02-11-2012 14:00,
06-03-2012 20:00,
08-08-2012 14:00,
06-03-2012 17:00,
11-01-2011 9:00,
01-11-2011 8:00,
19-11-2012 03:00,
14-03-2012 06:00,
02-02-2012 20:00,
03-11-2011 0:00,
09-03-2011 4:00,
09-04-2011 3:00,
14-08-2012 06:00,
15-11-2012 00:00,
13-12-2012 01:00,
03-09-2012 2:00,
01-11-2011 2:00,
01-04-2011 5:00,
01-01-2012 21:00,
16-05-2012 15:00,
15-07-2011 05:00,
02-12-2011 5:00,
02-02-2012 12:00,
11-08-2011 4:00,
11-10-2012 19:00,
06-06-2011 2:00,
13-11-2011 01:00,
08-06-2011 12:00,
03-07-2012 11:00,
17-01-2011 15:00,
16-04-2011 10:00,
15-04-2011 09:00,
07-05-2011 9:00,
10-12-2012 2:00,
09-09-2011 22:00,
01-06-2012 9:00,
18-05-2012 11:00,
05-12-2011 18:00,
09-04-2011 19:00,
05-08-2011 12:00,
14-08-2012 13:00,
15-06-2011 22:00,
08-07-2011 4:00,
15-10-2012 05:00,
14-01-2012 06:00,
08-02-2012 23:00,
13-07-2012 15:00,
17-10-2012 07:00,
02-07-2012 3:00,
17-11-2012 08:00,
18-11-2011 08:00,
14-10-2012 02:00,
14-01-2011 07:00,
15-12-2012 10:00,
18-12-2011 01:00,
16-02-2011 05:00,
04-08-2011 8:00,
19-07-2011 19:00,
08-11-2012 0:00,
13-10-2012 18:00,
04-05-2012 0:00,
16-06-2011 17:00,
11-10-2011 17:00,
12-10-2012 3:00,
19-11-2011 17:00,
07-02-2011 5:00,
05-05-2012 15:00,
19-05-2012 07:00,
11-04-2012 6:00,
09-03-2012 17:00,
09-11-2012 21:00,
05-06-2011 17:00,
15-03-2012 18:00,
07-07-2012 4:00,
03-05-2012 8:00,
11-09-2012 22:00,
03-01-2011 16:00,
12-03-2012 2:00,
14-05-2011 23:00,
11-05-2011 13:00,
08-10-2011 13:00,
13-09-2011 19:00,
11-05-2011 18:00,
12-11-2011 11:00,
17-02-2012 07:00,
12-08-2012 10:00,
19-09-2011 00:00,
16-12-2011 23:00,
09-08-2012 18:00,
17-08-2011 19:00,
02-11-2011 4:00,
01-11-2011 7:00,
13-08-2011 06:00,
02-12-2012 13:00,
01-10-2011 0:00,
09-09-2012 23:00,
02-04-2011 20:00,
19-06-2011 07:00,
16-07-2011 15:00,
15-10-2012 03:00,
16-08-2011 17:00,
18-11-2011 22:00,
15-08-2012 19:00,
05-01-2012 9:00,
06-06-2011 9:00,
07-07-2011 15:00,
16-07-2011 07:00,
04-11-2012 0:00,
02-08-2012 6:00,
01-01-2012 8:00,
09-11-2012 5:00,
04-09-2011 1:00,
17-01-2012 02:00,
18-11-2012 02:00,
03-05-2011 12:00,
02-03-2012 18:00,
11-09-2012 3:00,
06-06-2011 19:00,
06-08-2012 6:00,
04-04-2012 11:00,
19-03-2011 00:00,
01-04-2012 3:00,
19-04-2011 01:00,
16-02-2011 15:00,
16-07-2012 22:00,
14-02-2012 04:00,
13-12-2012 03:00,
19-09-2011 22:00,
05-12-2011 7:00,
04-02-2012 18:00,
09-02-2011 23:00,
06-06-2011 6:00,
12-04-2012 22:00,
17-07-2011 19:00,
13-03-2012 16:00,
16-06-2012 18:00,
16-04-2011 13:00,
16-11-2012 21:00,
14-12-2012 03:00,
09-06-2012 13:00,
06-06-2011 15:00,
02-04-2012 21:00,
14-01-2011 20:00,
15-01-2012 03:00,
03-09-2012 8:00,
04-08-2011 9:00,
10-07-2012 0:00,
12-08-2011 10:00,
02-02-2011 15:00,
08-04-2012 6:00,
02-05-2011 23:00,
15-06-2012 01:00,
15-09-2011 03:00,
08-12-2012 2:00,
06-11-2011 14:00,
11-10-2012 23:00,
12-06-2012 17:00,
01-03-2011 20:00,
11-02-2012 9:00,
03-12-2011 15:00,
11-10-2012 9:00,
01-03-2011 10:00,
06-10-2011 11:00,
16-04-2012 10:00,
11-06-2012 15:00,
05-03-2012 11:00,
08-07-2012 5:00,
13-05-2011 00:00,
13-08-2011 01:00,
09-06-2011 7:00,
07-11-2011 20:00,
19-03-2011 09:00,
14-11-2011 13:00,
11-12-2011 8:00,
18-11-2012 20:00,
13-02-2012 11:00,
18-04-2012 18:00,
08-08-2011 6:00,
03-07-2011 10:00,
18-08-2012 06:00,
13-03-2012 02:00,
07-08-2012 18:00,
07-02-2011 22:00,
05-06-2012 22:00,
12-06-2011 11:00,
13-01-2012 11:00,
08-07-2012 22:00,
17-09-2011 23:00,
05-02-2012 4:00,
01-05-2011 19:00,
06-10-2012 14:00,
04-09-2012 16:00,
07-11-2012 1:00,
16-04-2011 14:00,
17-07-2012 17:00,
16-10-2012 21:00,
09-05-2011 15:00,
05-09-2011 9:00,
06-10-2012 12:00,
14-05-2012 07:00,
07-08-2012 12:00,
08-06-2012 23:00,
07-09-2011 21:00,
09-06-2012 13:00,
15-06-2012 23:00,
18-08-2012 19:00,
15-12-2012 08:00,
04-01-2012 14:00,
01-04-2012 7:00,
05-12-2011 8:00,
12-01-2011 8:00,
04-02-2012 19:00,
12-03-2011 2:00,
02-09-2011 5:00,
06-12-2011 22:00,
08-08-2011 21:00,
09-02-2011 20:00,
05-09-2012 3:00,
15-11-2012 22:00,
09-05-2012 4:00,
01-03-2011 6:00,
08-02-2011 10:00,
09-02-2011 0:00,
07-05-2011 10:00,
01-11-2012 8:00,
19-03-2011 09:00,
06-02-2011 15:00,
16-02-2011 07:00,
06-10-2011 9:00,
14-08-2012 21:00,
16-02-2011 12:00,
07-05-2011 6:00,
05-08-2012 15:00,
18-07-2012 12:00,
15-04-2012 23:00,
09-08-2011 17:00,
09-06-2012 15:00,
11-04-2012 18:00,
09-09-2012 3:00,
10-09-2012 12:00,
15-09-2012 00:00,
15-11-2011 01:00,
18-02-2011 11:00,
04-07-2011 2:00,
02-07-2011 2:00,
16-06-2011 01:00,
02-11-2011 2:00,
03-12-2012 5:00,
12-12-2011 0:00,
04-08-2012 4:00,
02-07-2012 2:00,
06-05-2012 23:00,
03-05-2012 10:00,
05-03-2012 6:00,
17-01-2011 20:00,
19-05-2011 15:00,
01-05-2011 13:00,
05-03-2011 0:00,
18-01-2012 18:00,
09-03-2011 20:00,
07-02-2012 18:00,
15-08-2012 01:00,
17-06-2012 13:00,
09-04-2012 16:00,
15-09-2012 05:00,
10-05-2011 14:00,
13-06-2012 08:00,
17-01-2012 15:00,
07-06-2011 13:00,
16-04-2011 04:00,
11-09-2012 15:00,
02-04-2012 20:00,
09-07-2011 17:00,
19-07-2011 09:00,
13-06-2012 02:00,
04-10-2011 8:00,
09-05-2011 13:00,
14-11-2012 13:00,
04-09-2011 3:00,
19-08-2012 08:00,
10-03-2012 12:00,
07-10-2011 6:00,
19-12-2011 10:00,
14-06-2011 21:00,
12-01-2012 12:00,
06-04-2011 22:00,
19-05-2012 00:00,
03-07-2012 3:00,
14-03-2011 19:00,
13-07-2012 13:00,
14-03-2011 14:00,
15-02-2012 09:00,
02-11-2012 13:00,
08-02-2012 22:00,
01-05-2011 18:00,
19-12-2011 20:00,
14-03-2011 09:00,
18-12-2011 03:00,
18-05-2012 00:00,
01-07-2011 16:00,
06-03-2012 6:00,
17-12-2012 22:00,
17-03-2012 21:00,
10-10-2011 19:00,
15-09-2012 04:00,
08-02-2012 3:00,
06-01-2012 15:00,
19-04-2012 08:00,
12-07-2012 4:00,
19-04-2012 00:00,
02-04-2012 16:00,
16-02-2012 17:00,
19-08-2012 15:00,
02-05-2012 23:00,
07-03-2012 14:00,
17-02-2011 18:00,
01-05-2011 16:00,
11-02-2012 5:00,
13-07-2012 06:00,
09-02-2011 14:00,
19-08-2012 02:00,
14-08-2012 07:00,
15-01-2011 00:00,
02-07-2011 0:00,
04-04-2011 2:00,
18-01-2012 08:00,
15-11-2012 23:00,
13-07-2012 23:00,
17-07-2012 08:00,
08-10-2012 21:00,
19-05-2012 02:00,
11-01-2012 22:00,
18-03-2011 10:00,
19-09-2011 08:00,
02-05-2012 20:00,
10-07-2011 0:00,
06-04-2012 11:00,
13-10-2012 16:00,
01-06-2011 19:00,
02-11-2011 0:00,
17-12-2011 15:00,
04-07-2011 21:00,
03-11-2012 1:00,
06-12-2012 9:00,
13-10-2012 10:00,
18-02-2011 21:00,
08-04-2012 21:00,
16-10-2012 00:00,
13-10-2011 09:00,
04-10-2012 11:00,
09-12-2012 10:00,
18-08-2012 13:00,
13-02-2011 04:00,
03-08-2011 12:00,
08-02-2012 9:00,
08-08-2012 17:00,
15-10-2011 06:00,
04-06-2011 7:00,
07-06-2011 5:00,
04-07-2011 10:00,
06-01-2012 0:00,
19-11-2011 03:00,
08-04-2011 9:00,
07-10-2012 6:00,
07-05-2012 2:00,
03-06-2012 20:00,
02-02-2011 21:00,
17-05-2012 22:00,
14-03-2012 22:00,
02-09-2011 11:00,
17-10-2011 08:00,
17-09-2011 18:00,
06-12-2012 11:00,
17-04-2012 20:00,
05-06-2012 4:00,
06-01-2011 16:00,
15-09-2012 02:00,
12-01-2012 1:00,
14-11-2011 12:00,
13-09-2012 21:00,
12-02-2012 2:00,
17-09-2012 15:00,
10-05-2011 8:00,
11-10-2011 7:00,
01-12-2012 8:00,
16-07-2012 06:00,
16-01-2012 14:00,
12-11-2012 11:00,
17-12-2011 14:00,
16-06-2011 10:00,
02-09-2011 23:00,
05-08-2012 11:00,
15-02-2012 06:00,
05-07-2012 22:00,
02-06-2011 11:00,
16-12-2011 21:00,
04-10-2011 13:00,
09-02-2011 13:00,
02-01-2011 12:00,
19-03-2011 01:00,
06-11-2012 16:00,
04-05-2012 10:00,
05-09-2011 17:00,
10-06-2011 12:00,
12-11-2012 23:00,
05-03-2012 19:00,
04-05-2011 3:00,
09-08-2011 12:00,
07-06-2011 6:00,
08-05-2012 3:00,
19-10-2012 20:00,
09-11-2011 9:00,
19-03-2012 03:00,
01-11-2012 6:00,
08-07-2011 14:00,
07-08-2012 13:00,
05-12-2012 13:00,
09-02-2012 21:00,
02-05-2011 15:00,
05-08-2012 4:00,
18-12-2012 15:00,
15-04-2011 14:00,
19-02-2012 14:00,
18-07-2012 09:00,
11-07-2012 20:00,
19-11-2012 02:00,
01-01-2012 2:00,
09-04-2011 4:00,
01-03-2012 15:00,
16-05-2012 05:00,
06-12-2011 14:00,
14-02-2011 05:00,
11-05-2011 7:00,
13-12-2011 22:00,
10-02-2011 23:00,
01-09-2012 12:00,
18-12-2011 14:00,
19-12-2011 11:00,
14-06-2012 03:00,
03-07-2011 6:00,
03-02-2011 9:00,
19-06-2011 22:00,
10-12-2012 17:00,
09-08-2012 14:00,
13-08-2012 13:00,
12-03-2011 19:00,
19-09-2011 18:00,
12-09-2012 11:00,
14-10-2012 22:00,
10-03-2012 20:00,
17-02-2011 20:00,
08-07-2012 16:00,
11-07-2012 1:00,
15-05-2012 14:00,
09-07-2012 19:00,
17-11-2011 09:00,
13-03-2012 03:00,
19-10-2012 02:00,
07-02-2011 9:00,
15-07-2012 17:00,
04-07-2011 21:00,
18-08-2012 10:00,
15-03-2011 23:00,
08-11-2011 8:00,
01-01-2011 18:00,
19-01-2012 02:00,
14-07-2011 22:00,
02-08-2012 18:00,
06-06-2011 11:00,
02-05-2011 4:00,
01-02-2011 10:00,
02-07-2011 1:00,
08-12-2011 19:00,
17-09-2011 22:00,
11-05-2011 17:00,
07-12-2011 4:00,
16-12-2011 01:00,
10-06-2011 2:00,
04-12-2011 14:00,
19-04-2012 04:00,
11-10-2012 17:00,
15-04-2011 22:00,
10-06-2012 0:00,
01-08-2011 20:00,
03-02-2012 20:00,
11-07-2011 12:00,
16-08-2011 20:00,
02-04-2011 4:00,
09-01-2012 13:00,
18-04-2012 15:00,
13-03-2011 07:00,
11-10-2011 5:00,
04-08-2011 18:00,
03-10-2011 22:00,
17-02-2012 04:00,
06-11-2011 17:00,
12-08-2011 22:00,
10-09-2011 20:00,
02-12-2012 1:00,
09-08-2012 12:00,
10-10-2012 7:00,
18-11-2011 03:00,
11-12-2012 14:00,
07-02-2012 17:00,
09-08-2012 4:00,
11-07-2011 0:00,
07-08-2012 11:00,
02-01-2012 18:00,
18-01-2012 03:00,
08-09-2011 10:00,
14-07-2012 20:00,
12-01-2012 10:00,
05-09-2011 19:00,
07-11-2011 9:00,
06-12-2011 1:00,
06-06-2012 22:00,
12-03-2011 14:00,
17-08-2012 00:00,
01-07-2012 1:00,
09-01-2012 22:00,
01-02-2011 23:00,
14-03-2012 13:00,
11-05-2012 18:00,
11-11-2012 7:00,
15-11-2011 07:00,
04-07-2011 15:00,
12-09-2012 19:00,
09-12-2011 5:00,
18-10-2011 09:00,
02-07-2011 23:00,
04-01-2011 21:00,
05-09-2011 18:00,
03-07-2011 23:00,
13-04-2011 05:00,
15-01-2011 12:00,
13-09-2011 07:00,
19-10-2012 04:00,
18-11-2012 11:00,
07-01-2011 8:00,
17-07-2012 19:00,
12-12-2012 12:00,
15-11-2012 19:00,
19-12-2011 16:00,
12-12-2011 20:00,
05-06-2011 13:00,
02-09-2012 15:00,
12-06-2011 12:00,
02-09-2012 7:00,
17-08-2011 06:00,
19-08-2011 04:00,
03-01-2012 19:00,
07-09-2011 8:00,
16-09-2011 21:00,
01-01-2012 4:00,
06-09-2012 1:00,
15-02-2011 12:00,
03-11-2012 16:00,
14-02-2012 19:00,
19-04-2011 06:00,
01-12-2012 13:00,
03-04-2012 3:00,
17-06-2012 19:00,
12-01-2011 14:00,
14-12-2012 01:00,
10-08-2011 0:00,
16-11-2012 08:00,
10-01-2012 22:00,
01-04-2011 17:00,
14-06-2012 20:00,
06-01-2012 17:00,
18-05-2011 22:00,
02-03-2012 19:00,
12-12-2011 15:00,
11-05-2012 6:00,
07-07-2012 5:00,
06-03-2011 1:00,
01-02-2011 15:00,
06-04-2012 10:00,
05-09-2012 16:00,
07-12-2011 22:00,
01-11-2011 0:00,
16-11-2012 08:00,
14-11-2011 07:00,
14-09-2011 10:00,
09-11-2011 7:00,
02-12-2011 22:00,
06-02-2011 7:00,
10-09-2012 1:00,
05-09-2011 0:00,
07-07-2011 8:00,
01-12-2011 5:00,
08-02-2012 7:00,
01-09-2012 5:00,
09-11-2012 22:00,
19-04-2011 14:00,
09-04-2011 15:00,
08-01-2012 13:00,
13-10-2011 21:00,
18-10-2011 07:00,
17-03-2011 05:00,
01-12-2011 9:00,
09-02-2011 13:00,
01-11-2011 13:00,
19-02-2012 06:00,
04-04-2011 20:00,
09-07-2011 8:00,
06-07-2012 1:00,
08-09-2012 9:00,
18-01-2012 14:00,
10-01-2012 2:00,
15-06-2011 10:00,
07-09-2012 6:00,
10-09-2011 10:00,
17-12-2011 20:00,
15-11-2011 20:00,
08-03-2012 11:00,
04-09-2011 6:00,
16-10-2012 15:00,
01-07-2011 1:00,
03-11-2012 12:00,
15-04-2012 17:00,
09-10-2012 11:00,
04-03-2012 18:00,
01-12-2012 3:00,
06-10-2011 17:00,
19-03-2012 04:00,
19-11-2011 12:00,
14-08-2012 18:00,
02-02-2012 23:00,
13-06-2012 20:00,
19-11-2012 16:00,
16-10-2011 12:00,
09-03-2012 8:00,
01-07-2011 18:00,
07-08-2012 5:00,
14-06-2011 17:00,
16-02-2011 12:00,
17-09-2012 17:00,
19-08-2011 19:00,
16-10-2012 19:00,
03-12-2012 4:00,
08-09-2011 20:00,
02-04-2012 20:00,
18-10-2012 22:00,
18-05-2011 16:00,
13-06-2011 20:00,
10-10-2011 5:00,
06-12-2011 0:00,
15-10-2011 03:00,
12-08-2012 22:00,
05-11-2012 9:00,
04-08-2011 11:00,
16-05-2012 10:00,
14-04-2012 11:00,
13-07-2012 23:00,
04-10-2012 10:00,
07-10-2012 18:00,
16-03-2011 13:00,
17-08-2011 18:00,
18-06-2011 04:00,
01-06-2012 20:00,
05-08-2011 6:00,
16-10-2011 02:00,
03-09-2012 17:00,
18-10-2011 16:00,
13-07-2011 13:00,
11-01-2012 5:00,
06-12-2011 4:00,
10-02-2011 16:00,
19-07-2011 04:00,
04-02-2011 8:00,
14-04-2012 01:00,
16-03-2011 11:00,
06-08-2011 19:00,
05-12-2012 9:00,
03-05-2011 0:00,
13-12-2012 21:00,
03-04-2011 20:00,
19-12-2012 17:00,
13-07-2011 04:00,
10-01-2011 9:00,
19-05-2012 04:00,
09-11-2011 6:00,
12-10-2012 16:00,
05-03-2011 4:00,
05-03-2011 2:00,
09-02-2011 11:00,
05-03-2012 9:00,
03-02-2012 0:00,
08-08-2011 23:00,
14-04-2012 15:00,
07-01-2012 17:00,
06-03-2011 6:00,
04-08-2012 21:00,
07-07-2011 16:00,
10-07-2012 10:00,
13-04-2011 12:00,
04-03-2011 14:00,
15-10-2012 19:00,
10-07-2011 2:00,
08-03-2011 13:00,
10-04-2012 11:00,
06-09-2011 17:00,
09-01-2011 9:00,
15-08-2011 14:00,
01-03-2011 8:00,
11-01-2011 19:00,
18-09-2011 00:00,
08-11-2011 12:00,
03-10-2011 9:00,
06-12-2011 13:00,
18-02-2011 04:00,
13-10-2011 14:00,
17-09-2012 02:00,
15-04-2012 11:00,
02-03-2011 8:00,
15-10-2011 10:00,
04-08-2012 5:00,
06-09-2011 15:00,
12-03-2012 9:00,
11-06-2012 14:00,
19-10-2011 00:00,
08-11-2012 19:00,
01-07-2011 5:00,
17-11-2012 10:00,
16-05-2011 02:00,
10-08-2012 12:00,
19-06-2012 18:00,
05-09-2011 3:00,
14-12-2011 04:00,
02-08-2012 8:00,
05-03-2012 10:00,
04-01-2012 18:00,
17-07-2012 11:00,
05-08-2011 10:00,
12-12-2011 16:00,
16-01-2012 06:00,
03-02-2012 23:00,
03-05-2011 2:00,
04-06-2011 21:00,
19-10-2011 18:00,
16-08-2012 10:00,
01-01-2011 14:00,
14-12-2011 03:00,
17-01-2012 18:00,
19-11-2012 20:00,
19-10-2011 16:00,
16-04-2012 00:00,
06-06-2012 12:00,
11-11-2011 13:00,
11-03-2011 5:00,
10-04-2011 7:00,
08-08-2012 21:00,
05-03-2011 18:00,
05-11-2011 6:00,
16-07-2011 20:00,
13-12-2012 00:00,
04-01-2012 9:00,
18-08-2011 11:00,
15-11-2012 22:00,
13-11-2012 14:00,
09-12-2011 21:00,
06-04-2012 3:00,
10-08-2012 16:00,
17-09-2011 04:00,
16-11-2011 21:00,
12-06-2011 19:00,
01-12-2011 7:00,
16-07-2011 09:00,
04-09-2011 23:00,
19-08-2011 12:00,
15-10-2012 23:00,
05-07-2012 17:00,
15-08-2011 09:00,
14-01-2011 22:00,
15-12-2012 16:00,
01-04-2011 4:00,
14-08-2012 02:00,
11-04-2012 1:00,
11-06-2012 8:00,
14-03-2011 07:00,
17-06-2012 22:00,
16-09-2011 02:00,
08-08-2011 19:00,
19-05-2012 21:00,
18-05-2012 12:00,
06-08-2012 22:00,
19-09-2012 17:00,
18-04-2012 07:00,
18-02-2012 00:00,
14-02-2011 19:00,
17-08-2012 15:00,
11-03-2011 16:00,
17-05-2011 22:00,
13-04-2011 06:00,
17-10-2011 10:00,
09-07-2012 10:00,
10-10-2012 20:00,
05-08-2012 22:00,
18-06-2011 22:00,
09-06-2012 11:00,
09-03-2011 12:00,
12-04-2012 19:00,
10-10-2011 20:00,
19-03-2011 13:00,
11-09-2011 15:00,
13-06-2012 15:00,
08-03-2012 20:00,
12-01-2011 23:00,
13-12-2011 03:00,
05-08-2011 10:00,
08-05-2011 23:00,
08-12-2011 4:00,
13-07-2012 17:00,
09-10-2011 7:00,
17-10-2012 00:00,
05-07-2012 11:00,
07-09-2011 11:00,
10-02-2011 1:00,
04-05-2012 16:00,
19-09-2011 23:00,
16-12-2011 10:00,
14-06-2011 07:00,
06-11-2011 9:00,
18-01-2012 17:00,
09-12-2012 19:00,
15-11-2011 18:00,
01-10-2011 12:00,
10-06-2011 20:00,
01-08-2011 9:00,
08-07-2012 6:00,
08-10-2012 18:00,
14-06-2011 23:00,
01-06-2011 0:00,
02-08-2012 20:00,
08-08-2011 9:00,
07-06-2012 12:00,
08-09-2012 22:00,
16-12-2011 15:00,
09-10-2011 8:00,
19-08-2012 11:00,
13-04-2011 17:00,
11-03-2012 13:00,
18-09-2012 02:00,
05-11-2012 11:00,
17-05-2011 15:00,
11-06-2011 10:00,
18-06-2012 17:00,
13-06-2012 07:00,
04-05-2011 18:00,
14-07-2012 22:00,
07-08-2012 9:00,
03-12-2012 20:00,
17-07-2011 09:00,
05-01-2012 10:00,
01-09-2011 1:00,
03-08-2011 2:00,
02-05-2012 7:00,
07-02-2011 13:00,
10-02-2012 5:00,
06-07-2012 2:00,
17-04-2012 17:00,
06-10-2011 6:00,
01-07-2012 14:00,
04-09-2012 23:00,
15-02-2012 15:00,
07-09-2012 0:00,
13-07-2011 10:00,
10-06-2011 21:00,
19-01-2012 19:00,
08-05-2011 16:00,
19-12-2011 18:00,
13-08-2011 19:00,
10-05-2011 22:00,
14-08-2012 16:00,
04-09-2012 6:00,
01-08-2011 21:00,
03-12-2012 0:00,
18-10-2011 14:00,
19-09-2012 21:00,
10-01-2012 13:00,
17-12-2012 23:00,
19-01-2012 22:00,
15-04-2011 21:00,
14-11-2012 18:00,
19-08-2012 06:00,
19-05-2012 16:00,
05-03-2012 5:00,
18-01-2011 13:00,
01-02-2012 6:00,
03-12-2012 16:00,
16-06-2012 11:00,
12-02-2012 15:00,
06-09-2012 6:00,
03-08-2012 5:00,
06-07-2012 15:00,
07-11-2011 8:00,
04-06-2012 14:00,
18-11-2012 08:00,
02-10-2012 18:00,
15-07-2011 20:00,
07-09-2012 17:00,
01-11-2011 21:00,
03-09-2012 13:00,
12-03-2012 1:00,
17-10-2012 13:00,
15-07-2011 00:00,
09-04-2012 22:00,
10-06-2011 7:00,
15-02-2012 20:00,
15-10-2012 20:00,
08-08-2011 16:00,
03-09-2012 1:00,
01-12-2012 15:00,
08-08-2011 7:00,
06-10-2012 7:00,
17-02-2011 04:00,
07-11-2012 6:00,
09-06-2011 6:00,
07-12-2012 17:00,
18-08-2011 00:00,
18-09-2011 02:00,
19-04-2011 15:00,
03-10-2012 6:00,
07-01-2011 14:00,
11-08-2011 14:00,
10-09-2012 10:00,
04-02-2011 19:00,
10-12-2012 21:00,
02-07-2011 3:00,
18-05-2012 21:00,
02-07-2011 16:00,
16-06-2012 07:00,
05-02-2011 19:00,
02-11-2012 8:00,
19-07-2012 15:00,
11-07-2012 13:00,
09-01-2012 22:00,
02-02-2012 0:00,
11-04-2012 9:00,
19-04-2012 03:00,
06-04-2012 20:00,
07-03-2011 4:00,
06-03-2011 6:00,
15-02-2012 21:00,
07-06-2012 7:00,
02-08-2011 16:00,
14-04-2012 06:00,
14-10-2011 15:00,
03-02-2011 8:00,
17-12-2011 02:00,
09-03-2012 10:00,
06-08-2012 13:00,
07-05-2012 6:00,
03-02-2011 14:00,
01-01-2012 10:00,
09-06-2011 22:00,
12-08-2012 11:00,
17-03-2011 01:00,
15-03-2011 10:00,
07-07-2012 10:00,
06-10-2011 8:00,
14-03-2011 10:00,
15-03-2012 23:00,
12-07-2011 9:00,
08-12-2011 18:00,
05-10-2012 5:00,
15-05-2012 23:00,
03-06-2011 14:00,
15-01-2012 16:00,
02-02-2012 4:00,
14-08-2011 17:00,
05-05-2012 12:00,
12-02-2012 16:00,
03-07-2011 4:00,
06-06-2011 16:00,
19-11-2011 06:00,
13-02-2012 05:00,
08-10-2012 10:00,
05-11-2012 5:00,
18-06-2011 20:00,
08-01-2011 18:00,
17-04-2012 11:00,
14-07-2011 00:00,
04-11-2012 8:00,
04-11-2012 18:00,
03-01-2012 7:00,
02-11-2012 19:00,
08-03-2012 4:00,
02-05-2012 16:00,
13-05-2012 04:00,
14-09-2012 01:00,
03-02-2011 19:00,
11-08-2012 9:00,
09-01-2011 7:00,
12-01-2011 5:00,
17-05-2012 14:00,
17-08-2011 07:00,
19-01-2012 16:00,
16-11-2012 00:00,
01-12-2012 9:00,
10-05-2012 9:00,
15-05-2012 21:00,
04-11-2012 11:00,
14-10-2011 03:00,
09-07-2012 5:00,
02-06-2011 17:00,
06-07-2011 14:00,
15-10-2012 04:00,
12-08-2011 11:00,
17-04-2011 16:00,
08-01-2012 18:00,
17-01-2012 23:00,
10-11-2011 12:00,
17-06-2012 15:00,
04-05-2011 7:00,
12-02-2012 23:00,
05-05-2012 12:00,
19-04-2011 22:00,
17-05-2011 07:00,
05-02-2012 15:00,
18-04-2011 10:00,
15-10-2011 23:00,
13-11-2012 05:00,
01-11-2012 10:00,
08-09-2011 15:00,
11-02-2012 14:00,
04-11-2012 16:00,
04-08-2011 13:00,
05-11-2012 14:00,
02-11-2012 15:00,
03-04-2011 6:00,
11-07-2012 10:00,
05-09-2012 6:00,
16-09-2011 14:00,
10-11-2012 9:00,
10-05-2012 5:00,
19-03-2012 15:00,
06-08-2011 16:00,
16-04-2011 19:00,
14-11-2012 11:00,
08-04-2011 3:00,
04-05-2012 15:00,
09-10-2012 14:00,
02-05-2012 1:00,
07-07-2011 18:00,
07-05-2011 21:00,
14-02-2011 14:00,
12-02-2012 22:00,
09-03-2011 10:00,
12-07-2011 8:00,
01-04-2011 19:00,
10-11-2011 1:00,
14-07-2012 13:00,
14-09-2011 08:00,
11-07-2011 14:00,
19-04-2012 20:00,
10-06-2011 14:00,
15-07-2011 04:00,
08-06-2011 16:00,
11-01-2011 0:00,
09-09-2012 7:00,
18-05-2012 13:00,
16-12-2012 22:00,
02-10-2012 0:00,
01-10-2011 19:00,
12-06-2012 20:00,
12-02-2011 20:00,
09-03-2012 6:00,
15-05-2011 04:00,
12-02-2012 14:00,
16-09-2011 01:00,
01-03-2012 19:00,
16-07-2011 07:00,
03-11-2011 4:00,
12-05-2011 8:00,
17-01-2011 21:00,
16-10-2012 14:00,
07-05-2012 12:00,
12-12-2012 19:00,
11-08-2012 16:00,
18-01-2012 05:00,
11-12-2011 16:00,
15-05-2011 08:00,
05-04-2012 2:00,
05-08-2011 7:00,
17-04-2011 09:00,
07-12-2011 19:00,
07-11-2012 18:00,
15-07-2012 20:00,
05-09-2012 2:00,
11-12-2012 8:00,
09-07-2011 21:00,
07-12-2011 11:00,
01-11-2012 16:00,
17-03-2011 00:00,
11-08-2012 4:00,
02-01-2012 23:00,
08-07-2012 1:00,
16-03-2012 11:00,
19-12-2012 18:00,
19-08-2012 20:00,
17-03-2011 10:00,
04-03-2012 19:00,
08-08-2011 3:00,
04-12-2011 16:00,
18-02-2012 11:00,
09-08-2012 10:00,
14-07-2011 06:00,
17-01-2012 09:00,
15-05-2012 16:00,
15-12-2011 12:00,
06-11-2011 23:00,
06-02-2012 22:00,
07-07-2012 9:00,
19-11-2011 20:00,
16-12-2011 10:00,
16-10-2012 05:00,
10-02-2012 13:00,
06-06-2012 8:00,
17-05-2012 01:00,
19-12-2012 03:00,
03-12-2011 10:00,
10-01-2011 21:00,
11-09-2011 4:00,
19-06-2012 20:00,
02-02-2011 22:00,
11-05-2011 14:00,
18-06-2011 15:00,
05-06-2011 10:00,
08-02-2012 18:00,
15-07-2012 12:00,
04-11-2012 19:00,
02-08-2011 6:00,
02-11-2012 3:00,
14-05-2011 14:00,
15-08-2011 18:00,
06-08-2011 17:00,
13-05-2012 16:00,
15-01-2011 15:00,
16-06-2011 05:00,
17-10-2012 22:00,
17-11-2011 08:00,
17-07-2011 16:00,
12-10-2011 15:00,
13-08-2011 14:00,
09-06-2012 4:00,
09-08-2011 21:00,
10-02-2011 4:00,
10-04-2012 14:00,
03-06-2011 7:00,
12-11-2012 17:00,
06-10-2012 10:00,
16-11-2011 15:00,
04-06-2011 4:00,
13-06-2012 17:00,
08-05-2011 12:00,
05-06-2011 6:00,
06-12-2012 8:00,
01-02-2011 2:00,
13-09-2012 02:00,
01-10-2012 23:00,
06-10-2011 14:00,
14-06-2012 01:00,
02-01-2012 5:00,
18-04-2012 16:00,
08-09-2012 17:00,
03-04-2012 12:00,
01-10-2011 2:00,
13-04-2012 15:00,
09-03-2011 13:00,
10-05-2011 9:00,
04-04-2012 6:00,
15-02-2012 07:00,
09-01-2012 4:00,
03-03-2011 19:00,
02-06-2011 22:00,
10-01-2012 6:00,
16-09-2012 21:00,
17-01-2012 00:00,
18-10-2011 06:00,
19-10-2012 09:00,
16-02-2011 16:00,
07-04-2011 22:00,
19-07-2012 18:00,
10-03-2011 22:00,
07-10-2011 13:00,
06-11-2012 3:00,
02-11-2011 19:00,
15-03-2011 01:00,
10-02-2012 1:00,
02-03-2012 5:00,
01-06-2011 2:00,
07-05-2012 10:00,
14-01-2011 05:00,
04-04-2012 0:00,
13-10-2011 22:00,
12-07-2011 20:00,
11-02-2012 22:00,
15-05-2012 19:00,
11-12-2011 17:00,
19-06-2012 12:00,
08-10-2012 20:00,
01-03-2011 23:00,
19-07-2012 14:00,
14-07-2012 17:00,
04-06-2011 19:00,
15-06-2012 00:00,
13-06-2012 11:00,
08-04-2012 16:00,
14-05-2012 10:00,
19-07-2011 05:00,
11-11-2012 19:00,
19-06-2012 07:00,
02-05-2012 14:00,
15-07-2012 10:00,
09-07-2012 8:00,
01-07-2011 14:00,
12-03-2012 16:00,
19-02-2011 04:00,
12-12-2011 21:00,
16-08-2012 15:00,
18-12-2011 06:00,
12-12-2011 17:00,
01-02-2011 18:00,
08-02-2011 1:00,
18-07-2012 16:00,
08-06-2012 11:00,
10-06-2012 22:00,
02-07-2012 20:00,
04-05-2012 22:00,
09-08-2011 8:00,
13-12-2012 12:00,
02-06-2011 10:00,
04-11-2012 20:00,
03-12-2012 7:00,
03-12-2012 3:00,
13-05-2012 05:00,
11-04-2012 2:00,
11-04-2012 5:00,
03-06-2012 14:00,
05-12-2011 14:00,
02-08-2012 12:00,
04-10-2011 7:00,
13-04-2012 03:00,
08-06-2012 13:00,
11-04-2011 20:00,
19-11-2012 18:00,
14-07-2012 22:00,
19-02-2011 21:00,
12-12-2011 12:00,
06-07-2011 0:00,
07-02-2012 16:00,
03-07-2011 12:00,
06-07-2011 10:00,
13-09-2011 04:00,
10-05-2012 0:00,
12-01-2012 0:00,
18-04-2011 22:00,
15-05-2011 10:00,
09-06-2011 4:00,
07-01-2011 10:00,
17-09-2012 19:00,
12-03-2011 16:00,
13-02-2012 22:00,
12-06-2011 2:00,
16-07-2012 23:00,
11-11-2012 13:00,
13-04-2011 20:00,
07-03-2012 17:00,
07-07-2011 7:00,
05-03-2011 17:00,
19-04-2012 19:00,
12-06-2011 22:00,
10-11-2011 11:00,
04-06-2012 0:00,
06-12-2011 18:00,
12-08-2011 21:00,
09-03-2012 22:00,
04-05-2012 8:00,
10-01-2011 3:00,
04-09-2011 17:00,
06-10-2012 3:00,
17-04-2012 09:00,
08-04-2012 10:00,
08-10-2011 18:00,
08-03-2011 7:00,
19-09-2012 05:00,
07-03-2011 16:00,
04-02-2012 11:00,
13-05-2011 08:00,
14-09-2011 21:00,
07-10-2012 10:00,
17-11-2012 03:00,
04-09-2011 7:00,
07-06-2012 8:00,
08-08-2011 2:00,
03-07-2012 15:00,
04-08-2011 21:00,
03-04-2011 17:00,
01-10-2012 9:00,
05-08-2011 17:00,
14-08-2012 05:00,
05-12-2012 12:00,
03-05-2012 5:00,
18-02-2012 09:00,
05-09-2012 14:00,
07-12-2012 20:00,
17-11-2011 08:00,
07-02-2011 1:00,
17-03-2011 19:00,
12-09-2011 22:00,
13-06-2011 16:00,
19-02-2011 14:00,
15-05-2011 12:00,
15-04-2012 15:00,
01-12-2012 22:00,
04-08-2011 12:00,
19-10-2012 15:00,
13-06-2011 13:00,
16-11-2011 20:00,
14-12-2012 21:00,
10-07-2012 17:00,
03-01-2011 15:00,
15-06-2012 04:00,
09-02-2011 10:00,
01-03-2011 22:00,
11-02-2011 6:00,
03-01-2012 4:00,
01-03-2011 1:00,
03-10-2011 4:00,
02-09-2011 15:00,
01-04-2012 6:00,
14-05-2012 17:00,
03-02-2012 13:00,
05-10-2012 0:00,
07-02-2012 13:00,
13-05-2012 18:00,
16-08-2012 14:00,
09-02-2012 23:00,
13-01-2011 06:00,
10-10-2011 9:00,
12-03-2012 19:00,
15-04-2011 15:00,
06-03-2011 3:00,
15-01-2011 03:00,
06-02-2011 3:00,
04-05-2012 4:00,
06-02-2012 20:00,
10-03-2012 16:00,
07-09-2011 5:00,
14-12-2012 05:00,
05-06-2011 22:00,
03-01-2011 14:00,
16-07-2011 01:00,
12-03-2011 9:00,
08-05-2011 7:00,
09-11-2012 8:00,
09-02-2012 2:00,
02-10-2011 16:00,
18-12-2011 09:00,
04-08-2012 20:00,
03-08-2012 23:00,
19-03-2012 08:00,
16-02-2012 14:00,
06-08-2011 10:00,
07-01-2011 13:00,
14-11-2012 19:00,
05-08-2011 5:00,
16-10-2012 16:00,
07-09-2012 11:00,
06-11-2011 7:00,
19-02-2011 23:00,
04-04-2011 9:00,
10-11-2011 4:00,
16-10-2012 21:00,
09-05-2011 22:00,
02-02-2012 1:00,
09-05-2011 14:00,
11-09-2011 11:00,
04-01-2012 23:00,
18-06-2011 07:00,
18-03-2011 09:00,
12-09-2012 12:00,
16-07-2012 04:00,
05-05-2012 13:00,
14-11-2011 16:00,
11-06-2011 8:00,
14-12-2011 02:00,
10-07-2011 20:00,
12-10-2012 9:00,
01-04-2011 7:00,
17-05-2011 14:00,
03-01-2012 20:00,
15-06-2011 09:00,
19-02-2012 00:00,
10-06-2012 9:00,
17-05-2012 21:00,
14-03-2012 09:00,
12-05-2012 17:00,
13-08-2011 08:00,
10-04-2011 1:00,
05-05-2011 1:00,
15-09-2011 04:00,
12-05-2012 1:00,
07-12-2012 12:00,
10-11-2012 14:00,
14-01-2012 14:00,
07-07-2011 13:00,
18-01-2012 06:00,
19-08-2011 18:00,
14-04-2012 20:00,
08-10-2011 2:00,
01-07-2011 22:00,
11-12-2012 3:00,
08-02-2012 16:00,
12-10-2012 4:00,
13-10-2011 07:00,
12-12-2011 13:00,
18-05-2011 17:00,
19-06-2012 15:00,
08-01-2012 16:00,
07-09-2011 0:00,
09-02-2011 7:00,
12-10-2012 18:00,
09-01-2011 22:00,
11-11-2011 2:00,
12-06-2011 8:00,
09-08-2012 7:00,
11-06-2012 23:00,
10-11-2012 6:00,
10-02-2012 22:00,
04-11-2012 10:00,
04-08-2012 13:00,
07-01-2011 22:00,
08-10-2012 6:00,
14-12-2011 08:00,
14-06-2012 14:00,
15-06-2012 14:00,
01-08-2011 0:00,
16-07-2011 03:00,
02-07-2012 23:00,
13-04-2012 00:00,
12-05-2012 19:00,
09-05-2011 5:00,
06-01-2011 19:00,
03-10-2012 5:00,
17-07-2012 18:00,
12-01-2011 15:00,
01-04-2012 1:00,
02-06-2011 6:00,
10-12-2012 3:00,
16-08-2011 00:00,
19-12-2012 01:00,
16-01-2012 18:00,
01-09-2012 13:00,
11-04-2012 12:00,
12-07-2011 9:00,
08-02-2011 14:00,
19-12-2011 07:00,
10-03-2011 16:00,
06-12-2011 2:00,
12-08-2011 5:00,
15-09-2011 17:00,
04-01-2011 16:00,
07-11-2011 11:00,
05-07-2011 0:00,
04-03-2011 5:00,
01-09-2012 11:00,
05-05-2011 17:00,
10-06-2012 10:00,
12-05-2011 6:00,
03-03-2012 20:00,
05-10-2012 15:00,
15-08-2011 19:00,
11-06-2012 3:00,
17-06-2012 13:00,
01-02-2011 15:00,
01-12-2012 1:00,
06-03-2012 12:00,
04-08-2011 23:00,
11-03-2012 17:00,
10-10-2012 9:00,
10-07-2011 19:00,
06-03-2012 18:00,
14-04-2012 05:00,
02-11-2012 17:00,
07-04-2012 19:00,
06-04-2012 23:00,
10-07-2012 8:00,
10-03-2011 10:00,
05-08-2012 19:00,
19-09-2012 20:00,
03-10-2012 4:00,
03-11-2011 10:00,
10-02-2011 11:00,
01-06-2012 22:00,
15-02-2011 01:00,
19-04-2012 15:00,
18-05-2012 07:00,
18-06-2012 06:00,
14-06-2011 18:00,
08-09-2012 18:00,
03-06-2012 0:00,
02-06-2012 23:00,
15-09-2012 22:00,
19-01-2012 09:00,
14-01-2011 16:00,
19-10-2012 21:00,
18-05-2012 10:00,
10-09-2011 2:00,
19-11-2012 15:00,
18-01-2012 01:00,
13-12-2012 10:00,
12-02-2012 16:00,
04-09-2012 0:00,
09-04-2011 21:00,
04-03-2011 13:00,
06-08-2012 10:00,
10-09-2012 11:00,
08-07-2012 21:00,
18-06-2011 23:00,
18-02-2012 10:00,
09-11-2011 11:00,
14-02-2011 08:00,
15-02-2012 10:00,
06-06-2012 15:00,
12-09-2012 23:00,
13-05-2012 15:00,
19-07-2011 18:00,
14-06-2012 18:00,
18-09-2011 19:00,
15-07-2011 08:00,
17-06-2011 04:00,
01-01-2011 2:00,
15-03-2012 21:00,
19-09-2011 01:00,
07-10-2012 0:00,
02-05-2011 11:00,
01-05-2012 21:00,
10-11-2012 12:00,
03-04-2011 13:00,
10-02-2011 14:00,
19-03-2012 05:00,
15-01-2011 04:00,
17-04-2012 17:00,
07-01-2011 7:00,
07-11-2012 23:00,
18-06-2011 10:00,
10-06-2012 20:00,
09-09-2012 15:00,
11-10-2011 17:00,
15-04-2012 12:00,
11-12-2011 15:00,
19-09-2011 12:00,
06-02-2012 5:00,
15-04-2012 02:00,
18-06-2012 11:00,
02-07-2012 6:00,
09-04-2011 7:00,
03-09-2012 23:00,
14-09-2011 02:00,
01-12-2011 19:00,
12-05-2011 0:00,
07-11-2012 2:00,
10-10-2012 23:00,
15-10-2011 07:00,
10-07-2011 0:00,
12-04-2011 8:00,
04-05-2011 3:00,
18-10-2011 05:00,
04-11-2012 22:00,
18-08-2011 10:00,
03-08-2011 13:00,
12-05-2011 21:00,
02-09-2011 6:00,
13-08-2012 21:00,
15-07-2012 10:00,
03-04-2011 17:00,
14-05-2012 14:00,
19-12-2012 11:00,
09-04-2011 12:00,
07-10-2012 21:00,
02-07-2011 13:00,
16-12-2012 03:00,
08-02-2012 5:00,
13-01-2011 10:00,
18-04-2012 05:00,
05-02-2012 12:00,
11-02-2011 23:00,
06-12-2011 11:00,
08-10-2012 3:00,
02-03-2012 22:00,
15-03-2011 04:00,
13-04-2012 01:00,
09-09-2011 8:00,
03-12-2011 1:00,
09-04-2012 17:00,
08-12-2012 22:00,
13-12-2012 13:00,
16-12-2012 19:00,
16-02-2011 14:00,
10-11-2011 10:00,
16-01-2012 19:00,
09-09-2012 5:00,
19-01-2012 20:00,
12-10-2011 19:00,
19-08-2011 15:00,
18-01-2011 13:00,
06-07-2011 23:00,
18-05-2011 09:00,
01-06-2012 21:00,
19-03-2012 01:00,
12-03-2011 20:00,
18-07-2011 12:00,
10-11-2011 1:00,
12-09-2012 7:00,
01-05-2012 16:00,
11-12-2011 17:00,
11-03-2011 20:00,
13-10-2011 10:00,
05-07-2012 19:00,
05-05-2011 14:00,
18-06-2012 10:00,
02-03-2011 18:00,
13-05-2011 10:00,
02-11-2011 8:00,
18-11-2012 04:00,
17-02-2011 13:00,
19-01-2012 22:00,
16-05-2012 13:00,
15-11-2011 10:00,
11-05-2012 1:00,
02-01-2012 20:00,
09-11-2012 9:00,
19-03-2012 19:00,
03-12-2011 8:00,
03-10-2011 12:00,
11-11-2012 18:00,
07-11-2011 4:00,
08-01-2011 14:00,
14-01-2012 21:00,
14-11-2011 20:00,
08-02-2012 19:00,
18-02-2012 01:00,
06-08-2011 19:00,
04-12-2011 11:00,
11-04-2011 17:00,
08-11-2012 9:00,
15-12-2012 17:00,
15-06-2011 21:00,
09-03-2012 4:00,
03-05-2012 9:00,
14-04-2011 13:00,
01-10-2012 19:00,
04-08-2011 15:00,
14-02-2012 09:00,
16-11-2012 22:00,
01-04-2011 21:00,
03-12-2012 12:00,
15-05-2012 20:00,
17-09-2012 23:00,
18-06-2011 17:00,
09-09-2012 19:00,
14-11-2011 06:00,
16-08-2012 09:00,
04-08-2011 19:00,
06-09-2011 20:00,
12-04-2012 15:00,
07-01-2012 11:00,
10-03-2011 12:00,
15-12-2012 01:00,
07-12-2011 12:00,
10-04-2011 20:00,
14-02-2011 06:00,
08-03-2011 20:00,
13-09-2011 14:00,
07-02-2012 21:00,
14-05-2012 04:00,
09-05-2011 0:00,
10-01-2011 6:00,
15-05-2012 10:00,
16-04-2012 14:00,
15-01-2012 14:00,
07-12-2012 3:00,
09-05-2012 18:00,
05-03-2011 23:00,
17-09-2011 15:00,
16-03-2011 21:00,
15-11-2011 20:00,
10-06-2011 23:00,
13-01-2012 16:00,
11-06-2011 2:00,
19-10-2012 12:00,
08-10-2012 12:00,
06-11-2011 12:00,
07-12-2011 21:00,
08-10-2012 0:00,
16-08-2011 19:00,
17-11-2012 15:00,
13-02-2012 18:00,
10-12-2011 23:00,
16-01-2012 23:00,
10-11-2012 0:00,
08-10-2012 11:00,
16-08-2011 15:00,
09-08-2011 19:00,
10-05-2012 18:00,
16-02-2012 15:00,
04-12-2012 22:00,
12-05-2011 4:00,
07-07-2012 5:00,
18-03-2012 11:00,
01-07-2012 16:00,
18-06-2012 03:00,
10-07-2012 23:00,
02-02-2011 19:00,
07-12-2011 18:00,
14-03-2011 06:00,
18-09-2011 15:00,
17-03-2012 06:00,
06-10-2012 8:00,
10-11-2011 10:00,
08-06-2011 1:00,
14-07-2011 08:00,
01-08-2011 10:00,
18-12-2012 00:00,
09-02-2012 14:00,
03-04-2011 19:00,
03-06-2011 1:00,
15-09-2011 22:00,
01-01-2011 10:00,
13-03-2011 21:00,
05-03-2012 13:00,
14-11-2011 02:00,
02-09-2011 7:00,
13-08-2011 18:00,
14-10-2011 07:00,
14-02-2012 02:00,
05-05-2011 8:00,
06-08-2012 5:00,
06-09-2012 0:00,
17-01-2011 10:00,
07-04-2012 17:00,
18-10-2012 18:00,
05-11-2011 14:00,
09-03-2012 7:00,
04-08-2012 12:00,
15-10-2012 08:00,
07-09-2011 9:00,
12-01-2011 13:00,
13-10-2011 16:00,
06-10-2012 16:00,
09-09-2011 3:00,
15-09-2012 03:00,
07-04-2012 7:00,
02-04-2012 4:00,
01-06-2012 11:00,
11-12-2012 22:00,
04-11-2012 3:00,
19-04-2012 22:00,
14-08-2011 19:00,
12-11-2011 3:00,
15-09-2011 14:00,
01-07-2012 13:00,
11-11-2011 22:00,
12-11-2012 8:00,
06-12-2012 19:00,
15-07-2012 18:00,
05-05-2012 8:00,
04-06-2012 15:00,
13-01-2012 04:00,
05-12-2012 13:00,
11-06-2011 1:00,
12-04-2012 3:00,
10-09-2012 21:00,
18-05-2011 07:00,
02-03-2012 21:00,
16-01-2012 15:00,
12-08-2011 13:00,
14-05-2012 13:00,
16-11-2011 20:00,
16-01-2012 04:00,
17-02-2012 05:00,
08-01-2012 17:00,
14-08-2011 03:00,
19-04-2012 09:00,
17-07-2012 02:00,
11-11-2011 19:00,
17-09-2011 17:00,
05-12-2011 3:00,
01-02-2012 11:00,
05-07-2011 9:00,
06-11-2012 1:00,
12-09-2012 16:00,
14-03-2012 07:00,
12-07-2011 19:00,
15-05-2011 05:00,
16-06-2012 17:00,
03-04-2011 1:00,
11-09-2011 14:00,
06-05-2012 18:00,
02-10-2011 14:00,
01-06-2011 17:00,
18-08-2012 04:00,
12-01-2012 22:00,
02-09-2011 2:00,
06-04-2012 0:00,
04-05-2011 8:00,
14-03-2011 07:00,
19-10-2011 08:00,
15-04-2011 19:00,
08-03-2012 13:00,
07-08-2012 2:00,
04-04-2011 3:00,
02-12-2012 21:00,
08-05-2012 3:00,
02-06-2012 2:00,
13-07-2011 08:00,
11-09-2012 8:00,
07-09-2012 0:00,
13-11-2011 17:00,
02-03-2011 3:00,
03-02-2011 13:00,
13-03-2012 23:00,
03-05-2011 16:00,
13-10-2011 04:00,
06-09-2011 5:00,
13-06-2012 09:00,
07-03-2011 21:00,
01-08-2011 7:00,
10-05-2012 21:00,
17-02-2011 06:00,
15-08-2011 21:00,
15-02-2011 00:00,
02-01-2012 22:00,
16-12-2012 01:00,
04-05-2012 7:00,
09-02-2012 4:00,
10-09-2011 4:00,
17-09-2011 12:00,
19-11-2012 11:00,
16-05-2011 16:00,
03-05-2012 23:00,
03-03-2011 22:00,
17-03-2011 20:00,
13-08-2011 20:00,
04-02-2012 14:00,
11-09-2011 13:00,
02-06-2011 18:00,
09-12-2011 17:00,
03-01-2011 22:00,
06-03-2011 10:00,
12-07-2011 21:00,
13-08-2011 22:00,
17-06-2011 00:00,
15-10-2011 20:00,
10-05-2011 13:00,
05-02-2012 23:00,
16-06-2011 11:00,
19-06-2011 01:00,
15-04-2012 01:00,
04-02-2011 15:00,
10-01-2012 4:00,
04-12-2012 3:00,
01-09-2011 19:00,
09-11-2011 22:00,
10-10-2012 0:00,
12-10-2012 22:00,
02-07-2011 21:00,
08-06-2011 23:00,
09-03-2011 16:00,
11-02-2012 1:00,
05-02-2011 17:00,
03-01-2011 0:00,
11-08-2011 13:00,
13-12-2011 14:00,
19-12-2011 19:00,
01-03-2011 3:00,
16-08-2012 06:00,
14-10-2012 02:00,
04-05-2011 9:00,
09-09-2012 21:00,
09-05-2012 16:00,
06-08-2011 0:00,
08-09-2011 6:00,
17-09-2011 04:00,
02-02-2011 20:00,
08-12-2011 13:00,
12-04-2012 11:00,
06-01-2012 3:00,
13-11-2011 18:00,
12-04-2012 16:00,
13-05-2011 23:00,
02-01-2011 4:00,
11-01-2012 21:00,
02-10-2012 1:00,
03-08-2012 19:00,
15-09-2012 18:00,
12-05-2011 20:00,
19-04-2011 11:00,
11-03-2012 7:00,
07-11-2012 22:00,
11-05-2011 21:00,
17-03-2011 18:00,
11-02-2011 20:00,
09-02-2011 16:00,
07-10-2012 20:00,
09-01-2011 13:00,
13-04-2011 15:00,
13-06-2011 12:00,
07-06-2012 20:00,
05-01-2012 21:00,
05-09-2012 10:00,
15-05-2012 15:00,
17-08-2011 01:00,
03-08-2012 3:00,
19-05-2012 19:00,
02-01-2011 2:00,
16-01-2012 22:00,
01-09-2012 10:00,
16-06-2011 18:00,
10-10-2012 13:00,
13-01-2011 18:00,
10-02-2011 8:00,
10-05-2011 2:00,
12-07-2011 7:00,
15-04-2012 20:00,
02-07-2011 22:00,
04-07-2012 11:00,
09-08-2011 2:00,
09-10-2012 13:00,
17-11-2012 20:00,
06-09-2012 5:00,
13-06-2011 04:00,
05-09-2012 1:00,
08-07-2011 13:00,
04-10-2012 19:00,
02-10-2011 6:00,
18-06-2011 06:00,
19-11-2011 23:00,
09-04-2012 2:00,
07-01-2012 4:00,
01-05-2012 6:00,
19-03-2011 12:00,
06-04-2011 4:00,
07-11-2012 12:00,
19-06-2012 08:00,
10-03-2011 5:00,
12-03-2012 21:00,
16-04-2012 03:00,
17-12-2012 06:00,
16-12-2011 18:00,
16-10-2011 14:00,
12-09-2012 22:00,
15-03-2012 17:00,
07-04-2011 7:00,
11-11-2011 8:00,
09-08-2011 10:00,
09-07-2012 20:00,
03-06-2011 9:00,
12-01-2011 18:00,
14-01-2011 00:00,
14-08-2011 14:00,
08-05-2012 11:00,
09-11-2011 11:00,
03-12-2012 21:00,
10-08-2012 6:00,
01-08-2012 1:00,
09-06-2012 13:00,
14-09-2011 22:00,
04-07-2012 13:00,
01-11-2012 12:00,
01-10-2012 17:00,
14-02-2012 20:00,
13-01-2012 16:00,
05-08-2011 16:00,
16-05-2012 06:00,
05-04-2012 20:00,
10-10-2011 1:00,
07-03-2011 17:00,
02-09-2012 12:00,
08-07-2011 4:00,
15-06-2012 09:00,
12-01-2011 7:00,
14-08-2012 23:00,
13-12-2012 17:00,
14-12-2011 09:00,
11-03-2012 21:00,
06-12-2011 9:00,
19-10-2012 23:00,
18-09-2011 09:00,
08-04-2012 22:00,
04-01-2012 21:00,
15-09-2011 11:00,
15-05-2012 13:00,
18-12-2012 22:00,
19-06-2012 23:00,
05-07-2011 12:00,
07-08-2012 9:00,
19-11-2012 22:00,
16-09-2012 16:00,
14-12-2011 16:00,
01-04-2011 22:00,
02-03-2012 2:00,
16-04-2011 23:00,
07-09-2012 21:00,
09-07-2012 23:00,
10-12-2011 0:00,
10-01-2011 3:00,
13-10-2011 19:00,
05-01-2012 14:00,
02-08-2011 1:00,
16-03-2011 12:00,
04-06-2011 23:00,
15-11-2012 08:00,
18-10-2011 01:00,
03-10-2012 3:00,
14-12-2012 06:00,
14-09-2011 19:00,
08-07-2012 9:00,
02-03-2011 19:00,
19-08-2012 14:00,
16-03-2011 08:00,
06-12-2011 7:00,
05-01-2011 20:00,
11-11-2011 21:00,
14-11-2012 12:00,
03-12-2012 11:00,
19-03-2012 18:00,
19-10-2011 15:00,
15-09-2012 06:00,
05-04-2011 12:00,
05-10-2011 22:00,
14-03-2011 22:00,
17-05-2012 17:00,
16-03-2012 20:00,
07-06-2012 11:00,
07-09-2011 22:00,
08-01-2011 22:00,
17-04-2011 03:00,
18-05-2012 05:00,
17-12-2011 03:00,
01-10-2012 7:00,
02-12-2012 15:00,
19-12-2011 09:00,
07-01-2012 0:00,
16-12-2012 14:00,
06-10-2012 22:00,
13-02-2011 13:00,
08-11-2011 6:00,
19-06-2011 17:00,
01-10-2012 7:00,
07-08-2011 20:00,
10-11-2011 23:00,
03-07-2011 18:00,
19-05-2012 16:00,
17-11-2012 12:00,
07-09-2012 22:00,
16-04-2012 01:00,
17-12-2012 10:00,
03-08-2012 13:00,
04-02-2012 12:00,
16-01-2012 04:00,
10-08-2011 3:00,
05-12-2011 0:00,
01-02-2012 19:00,
08-02-2011 16:00,
06-10-2012 0:00,
17-12-2011 23:00,
05-08-2012 14:00,
17-06-2012 07:00,
05-07-2011 17:00,
08-06-2011 8:00,
10-11-2011 5:00,
13-06-2012 14:00,
04-08-2012 15:00,
05-09-2012 17:00,
03-06-2011 11:00,
12-09-2011 0:00,
10-08-2012 17:00,
03-07-2011 20:00,
19-04-2012 08:00,
12-07-2012 7:00,
05-03-2012 0:00,
14-09-2012 20:00,
05-01-2012 4:00,
02-04-2012 17:00,
11-04-2011 4:00,
04-09-2012 10:00,
13-08-2012 14:00,
15-01-2012 15:00,
16-10-2011 10:00,
17-12-2012 13:00,
02-01-2011 17:00,
10-10-2012 1:00,
13-09-2012 07:00,
03-06-2012 16:00,
07-12-2012 18:00,
06-04-2012 19:00,
12-11-2011 15:00,
06-10-2011 4:00,
09-10-2012 23:00,
12-04-2012 17:00,
15-04-2011 13:00,
10-09-2011 3:00,
17-04-2012 14:00,
18-07-2012 07:00,
08-03-2011 16:00,
03-01-2012 7:00,
02-10-2012 23:00,
15-01-2011 07:00,
10-02-2012 11:00,
17-03-2011 10:00,
11-01-2011 17:00,
03-04-2011 8:00,
08-09-2011 4:00,
02-02-2012 17:00,
11-10-2011 3:00,
06-08-2011 20:00,
05-02-2011 0:00,
09-06-2012 10:00,
18-07-2011 13:00,
15-04-2011 21:00,
14-05-2011 13:00,
11-05-2011 20:00,
13-11-2011 03:00,
07-10-2012 14:00,
14-04-2012 09:00,
17-01-2012 19:00,
01-08-2011 11:00,
11-02-2011 12:00,
02-08-2012 5:00,
10-12-2011 2:00,
05-01-2011 19:00,
01-06-2011 10:00,
18-04-2011 15:00,
15-03-2011 22:00,
12-06-2012 15:00,
04-04-2011 0:00,
08-02-2011 3:00,
14-06-2012 15:00,
14-07-2011 10:00,
16-02-2011 09:00,
12-07-2012 18:00,
08-09-2012 0:00,
09-11-2011 4:00,
18-09-2011 20:00,
03-10-2012 20:00,
11-04-2011 10:00,
17-03-2012 04:00,
12-07-2012 3:00,
10-12-2012 10:00,
10-11-2011 19:00,
08-09-2012 3:00,
08-09-2011 3:00,
15-06-2011 15:00,
04-06-2011 13:00,
06-05-2011 12:00,
16-10-2011 09:00,
18-06-2011 11:00,
15-05-2011 13:00,
05-01-2012 11:00,
05-08-2011 3:00,
05-12-2012 10:00,
02-03-2012 20:00,
09-11-2012 17:00,
15-03-2011 02:00,
07-06-2012 21:00,
09-06-2012 22:00,
01-04-2011 12:00,
17-06-2012 02:00,
18-03-2012 11:00,
03-01-2011 7:00,
03-06-2012 22:00,
04-05-2011 11:00,
03-06-2012 10:00,
10-07-2011 5:00,
12-04-2011 2:00,
01-08-2012 0:00,
03-04-2012 2:00,
03-05-2011 8:00,
17-05-2011 13:00,
19-11-2011 01:00,
14-02-2011 11:00,
05-06-2011 16:00,
01-11-2011 6:00,
09-06-2011 2:00,
04-01-2012 18:00,
09-05-2011 5:00,
06-11-2012 4:00,
04-12-2012 7:00,
12-01-2012 21:00,
18-04-2012 14:00,
12-12-2012 22:00,
01-08-2012 14:00,
08-06-2012 20:00,
05-09-2011 5:00,
12-03-2012 15:00,
11-11-2011 3:00,
16-02-2012 00:00,
11-12-2012 0:00,
06-05-2011 11:00,
18-08-2012 09:00,
13-09-2012 09:00,
16-09-2012 05:00,
03-01-2012 18:00,
03-04-2011 10:00,
19-10-2011 17:00,
07-08-2011 11:00,
09-12-2011 2:00,
15-09-2011 02:00,
15-09-2012 23:00,
07-03-2011 15:00,
16-11-2011 15:00,
02-02-2012 11:00,
09-10-2011 9:00,
07-11-2012 5:00,
16-12-2011 05:00,
14-01-2011 23:00,
19-02-2011 09:00,
17-03-2012 05:00,